<?xml version="1.0" encoding="UTF-8" ?>
<!--  Stanford Bunny mesh (500 triangles, with normals)
 -->
<scene>
  <exposure>20</exposure>
  <camera type="PerspectiveCamera">
    <viewPoint>4 6 8</viewPoint>
    <viewDir>-4 -6 -8</viewDir>
    <viewUp>0 1 0</viewUp>
    <projDistance>2</projDistance>
    <viewWidth>0.5</viewWidth>
    <viewHeight>0.5</viewHeight>
  </camera>
  <image>
    450 450
  </image>

  <brdf name="Beckmann" type="Beckmann">
    <nt>10</nt>
    <alpha>0.2</alpha>
  </brdf>
  <shader name="ground" type="Lambertian">
    <diffuseColor>.05 1 0.2</diffuseColor>
  </shader>
  <shader name="bunny" type="Microfacet">
    <brdf ref="Beckmann" />
    <microfacetColor>0.8 0.4 0.1</microfacetColor>
    <diffuseColor>0.8 0.4 0.1</diffuseColor>
  </shader>

  <surface type="Mesh">
    <shader ref="bunny" />
    <data>../../meshes/bunnyNV.obj</data>
  </surface>
  <surface type="Box">
  	<minpt>-3 -2 -3</minpt>
  	<maxpt>3 -0.9 3</maxpt>
  	<shader ref="ground" />
  </surface>
  
  <light>
  	<position>3 10 5</position>
  	<intensity>9 9 9</intensity>
  </light>
</scene>

