<?xml version="1.0" encoding="UTF-8" ?>
<!--  Test scene with a single sphere.
 -->
<scene>
  <exposure>10</exposure>
  <camera type="PerspectiveCamera">
    <viewPoint>2.5 2 1.5</viewPoint>
    <viewDir>-2.5 -2 -1.5</viewDir>
    <viewUp>0 1 0</viewUp>
    <projDistance>5</projDistance>
    <viewWidth>5</viewWidth>
    <viewHeight>5</viewHeight>
  </camera>
  <image>
    300 300
  </image>

  <brdf name="Beckmann" type="Beckmann">
    <nt>10</nt>
    <alpha>0.2</alpha>
  </brdf>
  <shader name="blue" type="Microfacet">
    <brdf ref="Beckmann" />
    <microfacetColor>.2 .3 .8</microfacetColor>
    <diffuseColor>.2 .3 .8</diffuseColor>
  </shader>
  <surface type="Sphere">
    <shader ref="blue" />
    <!--shader type="ShowNormal"/-->
    <center>0 0 0</center>
    <radius>1</radius>
  </surface>
  <light>
    <position>3 4 5</position>
    <intensity>11 11 11</intensity>
  </light>
</scene>
