<?xml version="1.0" encoding="UTF-8" ?>
<!--  Test scene with a single sphere.
 -->
<scene>
  <exposure>15</exposure>
  <camera type="PerspectiveCamera">
    <viewPoint>4 6 6</viewPoint>
    <viewDir>-4 -6 -6</viewDir>
    <viewUp>0 1 0</viewUp>
    <projDistance>5</projDistance>
    <viewWidth>5</viewWidth>
    <viewHeight>5</viewHeight>
  </camera>
  <image>
    1000 1000
  </image>

  <brdf name="GGX" type="GGX">
    <alpha>0.1</alpha>
    <nt>10</nt>
  </brdf>
  <shader name="teapot" type="Microfacet">
    <brdf ref="GGX" />
    <microfacetColor>.2 .3 .8</microfacetColor>
    <diffuseColor>.1 .15 .4</diffuseColor>
  </shader>
  <surface type="Mesh">
    <shader ref="teapot" />
    <data>../../meshes/teapot.obj</data>
  </surface>

  <light>
    <position>7 6 10</position>
    <intensity>40 40 40</intensity>
  </light>
  <light>
    <position>4 3 -6</position>
    <intensity>30 30 30</intensity>
  </light>

</scene>
